a;een;;;;;
ability;vermogen;;;;;
accent;accent;;;;;
ace!;tof!;;;;;
activity;activiteit;;;;;
ago;geleden;;;;;
airport;vliegveld;;;;;
album;album;;;;;
alligator;alligator;;;;;
always;altijd;;;;;
america;amerika;;;;;
american;amerikaans;;;;;
an;een;;;;;
anniversary;gedenkdag;;;;;
annoyed;geïrriteerd;;;;;
annoying;vervelend;;;;;
answer;antwoorden;;;;;
any;wat;;;;;
apple;appel;;;;;
april;april;;;;;
argentina;argentinië;;;;;
argentinian;argentijns;;;;;
argentinian;argentijn(se);;;;;
armchair;leunstoel;;;;;
art;kunst;;;;;
assembly;samenkomst;;;;;
athlete;atleet;;;;;
athletics;atletiek;;;;;
attack;aanvallen;;;;;
attractive;aantrekkelijk;;;;;
audition;auditie;;;;;
august;augustus;;;;;
aunt;tante;;;;;
autumn;herfst;;;;;
avalanche;lawine;;;;;
awake;wakker;;;;;
awful;vreselijk;;;;;
backpack;rugzak;;;;;
ballet;ballet;;;;;
ban;verbieden;;;;;
banana;banaan;;;;;
basketball;basketbal;;;;;
bath;bad;;;;;
beat;verslaan;;;;;
bed;bed;;;;;
beef;rund;;;;;
begin;beginnen;;;;;
behind;achter;;;;;
belgian;belgisch;;;;;
belgian;belg;;;;;
belgium;belgië;;;;;
believe;geloven;;;;;
best;best;;;;;
better;beter;;;;;
between;tussen;;;;;
bicycle;fiets;;;;;
big;groot;;;;;
bill;rekening;;;;;
biology;biologie;;;;;
birthday;verjaardag;;;;;
bite;bijten;;;;;
book;boek;;;;;
bookshop;boekenwinkel;;;;;
bored;vervelen;;;;;
boring;saai;;;;;
bow;buigen;;;;;
brave;dapper;;;;;
brazil;brazilië;;;;;
brazilian;braziliaans;;;;;
brazilian;braziliaan(se);;;;;
bread;brood;;;;;
break;pauze;;;;;
break;breken;;;;;
breakfast;ontbijt;;;;;
brilliant;fantastisch;;;;;
britain;groot-brittannië;;;;;
british;brits;;;;;
british;britten;;;;;
brother;broer;;;;;
burn;branden;;;;;
buy;kopen;;;;;
café;café;;;;;
call;bellen;;;;;
calm;kalm;;;;;
calorie;calorie;;;;;
camping;kamperen;;;;;
campsite;camping;;;;;
canada;canada;;;;;
canadian;canadees;;;;;
canadian;canadees;;;;;
canoeing;kanoën;;;;;
car;auto;;;;;
carefully;voorzichtig;;;;;
carrot;wortel;;;;;
celebrate;vieren;;;;;
cereal;ontbijtgranen;;;;;
chair;stoel;;;;;
change;veranderen;;;;;
charity;liefdadigheid;;;;;
cheerful;vrolijk;;;;;
chicken;kip;;;;;
chicken;kip;;;;;
child;kind;;;;;
children;kinderen;;;;;
china;china;;;;;
chinese;chinees;;;;;
chinese;chinezen;;;;;
choose;kiezen;;;;;
cinema;bioscoop;;;;;
clean;schoonmaken;;;;;
climber;bergbeklimmer;;;;;
close;sluiten;;;;;
cloudy;bewolkt;;;;;
coach;bus;;;;;
coast;kust;;;;;
collapse;instorten;;;;;
collect;verzamelen;;;;;
collection;verzameling;;;;;
communicate;communiceren;;;;;
company;bedrijf;;;;;
complain;klagen;;;;;
computer;computer;;;;;
conservation;bescherming;;;;;
contest;wedstrijd;;;;;
contestant;deelnemer;;;;;
continue;voortzetten;;;;;
conversation;gesprek;;;;;
cook;koken;;;;;
cooker;fornuis;;;;;
cool!;cool!;;;;;
correct;juist;;;;;
course;cursus;;;;;
cow;koe;;;;;
crash;botsen;;;;;
create;creëren;;;;;
criticise;bekritiseren;;;;;
cry;huilen;;;;;
cupboard;kast;;;;;
curry;kerrieschotel;;;;;
custom;gewoonte;;;;;
cycling;fietsen;;;;;
dance;dansen;;;;;
danger;gevaar;;;;;
dangerous;gevaarlijk;;;;;
day;dag;;;;;
daydream;dagdromen;;;;;
death;dood;;;;;
december;december;;;;;
decide;besluiten;;;;;
dentist;tandarts;;;;;
determination;vastberadenheid;;;;;
determined;vastbesloten;;;;;
die;overlijden;;;;;
disco;discotheek;;;;;
discover;ontdekken;;;;;
dish;gerecht;;;;;
dishonest;oneerlijk;;;;;
disorganised;ongeorganiseerd;;;;;
doctor;dokter;;;;;
drama;toneel;;;;;
dreadful;vreselijk;;;;;
dream;dromen;;;;;
dream;droom;;;;;
dress;jurk;;;;;
drive;rijden;;;;;
dull;saai;;;;;
easy;gemakkelijk;;;;;
eat;eten;;;;;
engineer;ingenieur;;;;;
equipment;benodigdheden;;;;;
escape;ontsnappen;;;;;
every;elk;;;;;
exam;examen;;;;;
excellent;voortreffelijk;;;;;
excited;opgewonden;;;;;
exciting;spannend;;;;;
exercise;oefening;;;;;
expensive;duur;;;;;
famous;bekend;;;;;
fan;fan;;;;;
farm;boerderij;;;;;
farmer;boer;;;;;
fast;snel;;;;;
father;vader;;;;;
favourite;favoriet;;;;;
february;februari;;;;;
feel;voelen;;;;;
ferry;veerboot;;;;;
film;film;;;;;
final;laatste;;;;;
find;vinden;;;;;
fine;goed;;;;;
fingernail;vingernagel;;;;;
finish;afmaken;;;;;
firefighter;brandweerman;;;;;
fireworks;vuurwerk;;;;;
fish;vis;;;;;
fit;fit;;;;;
flat;appartement;;;;;
float;zweven;;;;;
fly;vliegen;;;;;
foggy;mistig;;;;;
follow;volgen;;;;;
forest;bos;;;;;
forget;vergeten;;;;;
france;frankrijk;;;;;
french;frans;;;;;
french;fransen;;;;;
friday;vrijdag;;;;;
fridge;koelkast;;;;;
fried;gebakken;;;;;
friend;vriend(in);;;;;
friendly;vriendelijk;;;;;
friendship;vriendschap;;;;;
frightened;bang;;;;;
frightening;eng;;;;;
frog;kikker;;;;;
funny;grappig;;;;;
further;verder;;;;;
galaxy;melkweg;;;;;
geography;aardrijkskunde;;;;;
german;duits;;;;;
german;duitser;;;;;
germany;duitsland;;;;;
ghost;geest;;;;;
good-looking;aantrekkelijk;;;;;
gorilla;gorilla;;;;;
gradually;geleidelijk;;;;;
grandfather;grootvader;;;;;
grandmother;grootmoeder;;;;;
grapes;druiven;;;;;
grilled;gegrild;;;;;
groovy!;gaaf!;;;;;
group;groep;;;;;
guess;raden;;;;;
guitar;gitaar;;;;;
gun;pistool;;;;;
guy;vent;;;;;
hamburger;hamburger;;;;;
handsome;knap;;;;;
hard;hard;;;;;
hate;haten;;;;;
head;hoofd;;;;;
headteacher;schoolhoofd;;;;;
healthy;gezond;;;;;
heavily;hard;;;;;
heavy;zwaar;;;;;
helicopter;helikopter;;;;;
help;helpen;;;;;
hero;held;;;;;
hiking;wandelen;;;;;
hip!;hip!;;;;;
hire;huren;;;;;
history;geschiedenis;;;;;
hit;slaan;;;;;
hit;succes;;;;;
homework;huiswerk;;;;;
honest;eerlijk;;;;;
horse-riding;paardrijden;;;;;
hospital;ziekenhuis;;;;;
hot;heet;;;;;
house;huis;;;;;
houseboat;woonboot;;;;;
housework;huishouden;;;;;
ice;ijs;;;;;
idea;idee;;;;;
imagination;verbeelding;;;;;
imitate;imiteren;;;;;
immigrant;immigrant;;;;;
important;belangrijk;;;;;
in;in;;;;;
information;informatie;;;;;
intelligent;intelligent;;;;;
interested;geïnteresseerd;;;;;
interesting;interessant;;;;;
inventor;uitvinder;;;;;
ironing;strijken;;;;;
island;eiland;;;;;
italian;italiaans;;;;;
italian;italiaan(se);;;;;
italy;italië;;;;;
jacket;jas;;;;;
january;januari;;;;;
japan;japan;;;;;
japanese;japans;;;;;
japanese;japanner;;;;;
jeans;spijkerbroek;;;;;
joke;grap;;;;;
journey;reis;;;;;
judge;jurylid;;;;;
july;juli;;;;;
jump;springen;;;;;
jumper;truki;;;;;
june;juni;;;;;
kayak;kajak;;;;;
kill;doden;;;;;
kind;aardig;;;;;
kiss;kussen;;;;;
know;kennen;;;;;
land;landen;;;;;
last;vorig;;;;;
late;laat;;;;;
laugh;lachen;;;;;
lawyer;advocaat;;;;;
lazy;lui;;;;;
learn;leren;;;;;
leather;leder;;;;;
leave;weggaan;;;;;
lesson;les;;;;;
letter;brief;;;;;
library;bibliotheek;;;;;
lift;optillen;;;;;
lonely;eenzaam;;;;;
look-alike;dubbelganger;;;;;
loudly;luid;;;;;
lovely;mooi;;;;;
luckily;gelukkig;;;;;
lucky;boffen;;;;;
mad;gek;;;;;
many;veel;;;;;
march;maart;;;;;
marry;trouwen;;;;;
maths;wiskunde;;;;;
may;mei;;;;;
meal;maaltijd;;;;;
mean;betekenen;;;;;
meat;vlees;;;;;
medal;medaille;;;;;
might;misschien;;;;;
milk;melk;;;;;
miserable;ellendig;;;;;
model;model;;;;;
monday;maandag;;;;;
money;geld;;;;;
month;maand;;;;;
mother;moeder;;;;;
mouse;muis;;;;;
much;veel;;;;;
museum;museum;;;;;
mushroom;champignon;;;;;
must;moeten;;;;;
nature;natuur;;;;;
near;dichtbij;;;;;
neat!;geweldig!;;;;;
necessary;noodzakelijk;;;;;
neighbour;buur;;;;;
nervous;nerveus;;;;;
never;nooit;;;;;
new;nieuw;;;;;
next;volgende;;;;;
nice;leuk;;;;;
nonsense;nonsens;;;;;
normal;normaal;;;;;
november;november;;;;;
now;nu;;;;;
nurse;verpleegster;;;;;
october;oktober;;;;;
often;vaak;;;;;
old;oud;;;;;
omelette;omelet;;;;;
on;op;;;;;
onion;ui;;;;;
open;openen;;;;;
orange;sinaasappel;;;;;
order;bestellen;;;;;
ordinary;gewoon;;;;;
organise;organiseren;;;;;
organised;georganiseerd;;;;;
overturn;omslaan;;;;;
paint;schilderen;;;;;
painter;schilder;;;;;
painting;schilderij;;;;;
paper;papier;;;;;
parent;ouder;;;;;
park;park;;;;;
parrot;papegaai;;;;;
pasta;pasta;;;;;
penfriend;pennevriend;;;;;
perfect;perfect;;;;;
phone;bellen;;;;;
photography;fotografie;;;;;
physics;natuurkunde;;;;;
picture;tekening;;;;;
pilot;piloot;;;;;
pizza;pizza;;;;;
plan;plan;;;;;
plan;plannen;;;;;
planet;planeet;;;;;
play;spelen;;;;;
poland;polen;;;;;
policeman;politieagent;;;;;
polish;pools;;;;;
politics;politiek;;;;;
poor;arm;;;;;
popular;populair;;;;;
postcard;prentkaart;;;;;
potato;aardappel;;;;;
pour;schenken;;;;;
practise;oefenen;;;;;
present;geschenk;;;;;
project;project;;;;;
pronounce;uitspreken;;;;;
pronunciation;uitspraak;;;;;
protect;beschermen;;;;;
push;duwen;;;;;
queue;rij;;;;;
quick;snel;;;;;
quiet;stil;;;;;
quietly;zacht;;;;;
rabbit;konijn;;;;;
race;wedstrÿd;;;;;
rain;regenen;;;;;
rain;regen;;;;;
reach;bereiken;;;;;
read;lezen;;;;;
ready;klaar;;;;;
recognise;herkennen;;;;;
record;opnemen;;;;;
record;record;;;;;
relax;ontspannen;;;;;
relaxed;ontspannen;;;;;
remember;herinneren;;;;;
reply;antwoorden;;;;;
reporter;verslaggever;;;;;
research;onderzoek;;;;;
resolution;voornemen;;;;;
restaurant;restaurant;;;;;
rice;rijst;;;;;
rich;rijk;;;;;
ride;rijden;;;;;
ring;rinkelen;;;;;
river;rivier;;;;;
rope;touw;;;;;
rude;onbeleefd;;;;;
ruler;liniaal;;;;;
run;rennen;;;;;
russia;rusland;;;;;
russian;russisch;;;;;
russian;rus;;;;;
safe;veilig;;;;;
sailing;zeilen;;;;;
salad;salade;;;;;
sand;zand;;;;;
sandwich;boterham;;;;;
saturday;zaterdag;;;;;
sauce;saus;;;;;
save;redden;;;;;
scarf;sjaal;;;;;
science;natuurwetenschap;;;;;
sea;zee;;;;;
seafood;zeevruchten;;;;;
secretary;secretaresse;;;;;
see;zien;;;;;
seem;lijken;;;;;
send;sturen;;;;;
september;september;;;;;
share;delen;;;;;
shark;haai;;;;;
shirt;overhemd;;;;;
shoe;schoen;;;;;
shop;winkel;;;;;
shopping;boodschappen;;;;;
short;kort;;;;;
shout;schreeuwen;;;;;
show;tonen;;;;;
shower;douche;;;;;
sighting;waarneming;;;;;
similar;gelijk;;;;;
singer;zanger;;;;;
sink;gootsteen;;;;;
sister;zus;;;;;
situation;situatie;;;;;
skateboarding;skateboarden;;;;;
skiing;skiën;;;;;
skirt;rok;;;;;
sleep;slapen;;;;;
slowly;langzaam;;;;;
small;klein;;;;;
smile;glimlachen;;;;;
snack;snack;;;;;
snake;slang;;;;;
snorkelling;snorkelen;;;;;
snow;sneeuwen;;;;;
snowboarding;snowboarden;;;;;
socks;sokken;;;;;
sofa;sofa;;;;;
some;sommige;;;;;
sometimes;soms;;;;;
songwriter;liedjesschrijver;;;;;
soup;soep;;;;;
souvenir;souvenir;;;;;
space;ruimte;;;;;
spaceship;ruimteschip;;;;;
spain;spanje;;;;;
spanish;spaans;;;;;
speak;praten;;;;;
sport;sport;;;;;
spring;lente;;;;;
start;beginnen;;;;;
station;station;;;;;
stay;blijven;;;;;
step;stap;;;;;
stop;stoppen;;;;;
street;straat;;;;;
strengthen;versterken;;;;;
student;student;;;;;
study;studeren;;;;;
subject;vak;;;;;
successful;geslaagd;;;;;
sugar;suiker;;;;;
summer;zomer;;;;;
sunbathing;zonnebaden;;;;;
sunday;zondag;;;;;
sunny;zonnig;;;;;
supermarket;supermarkt;;;;;
sure;zeker;;;;;
surfboard;surfplank;;;;;
surfing;surfen;;;;;
sweet;snoepje;;;;;
swim;zwemmen;;;;;
swimming;zwemmen;;;;;
swiss;zwitsers;;;;;
switzerland;zwitserland;;;;;
table;tafel;;;;;
take-away;afhaalmaaltijd;;;;;
talent;talent;;;;;
talented;getalenteerd;;;;;
tarantula;tarantula;;;;;
tea;thee;;;;;
teach;leren;;;;;
teacher;leraar;;;;;
team;team;;;;;
teenager;tiener;;;;;
telephone;telefoon;;;;;
television;televisie;;;;;
tell;vertellen;;;;;
tennis;tennis;;;;;
terrible;verschrikkelijk;;;;;
terrified;doodsbang;;;;;
test;test;;;;;
think;denken;;;;;
this;deze;;;;;
thursday;donderdag;;;;;
tidy;opruimen;;;;;
tie;stropdas;;;;;
tiger;tijger;;;;;
timetable;tijdschema;;;;;
tip;tip;;;;;
tired;moe;;;;;
tiring;vermoeiend;;;;;
today;vandaag;;;;;
toilet;toilet;;;;;
tomato;tomaat;;;;;
tomorrow;morgen;;;;;
touch;aanraken;;;;;
tourist;toerist;;;;;
train;trein;;;;;
translate;vertalen;;;;;
translation;vertaling;;;;;
travel;reizen;;;;;
tree;boom;;;;;
tree-house;boomhut;;;;;
try;proberen;;;;;
tuesday;dinsdag;;;;;
ugly;lelijk;;;;;
uncle;oom;;;;;
under;onder;;;;;
understand;begrijpen;;;;;
unfriendly;onvriendelijk;;;;;
unhappy;ongelukkig;;;;;
unhealthy;ongezond;;;;;
uniform;uniform;;;;;
universe;universum;;;;;
university;universiteit;;;;;
unkind;onaardig;;;;;
unusual;ongewoon;;;;;
usa;vs;;;;;
useful;nuttig;;;;;
usually;meestal;;;;;
valley;vallei;;;;;
vegetable;groente;;;;;
vet;dierenarts;;;;;
visit;bezoeken;;;;;
volleyball;volleybal;;;;;
volunteer;vrijwilliger;;;;;
waiter;ober;;;;;
walk;lopen;;;;;
want;willen;;;;;
warm;warm;;;;;
washing;was;;;;;
washing-up;afwas;;;;;
watch;bekijken;;;;;
wear;dragen;;;;;
wednesday;woensdag;;;;;
week;week;;;;;
weigh;wegen;;;;;
well;goed;;;;;
wheelchair;rolstoel;;;;;
wicked!;geweldig!;;;;;
win;winnen;;;;;
window;raam;;;;;
windsurfing;windsurfen;;;;;
windy;winderig;;;;;
winner;winnaar;;;;;
winter;winter;;;;;
work;werken;;;;;
world;wereld;;;;;
worse;erger;;;;;
writer;schrijver;;;;;
wrong;verkeerd;;;;;
yesterday;gisteren;;;;;
yoghurt;yoghurt;;;;;
young;jong;;;;;
accident;ongeluk;;;;;
accidental;onvoorzien;;;;;
ache;pijn;;;;;
act;acteren;;;;;
actor;acteur;;;;;
actress;actrice;;;;;
addicted;verslaafd;;;;;
addiction;verslaving;;;;;
adult;volwassene;;;;;
advice;advies;;;;;
afford;veroorloven;;;;;
airport;vliegveld;;;;;
album;album;;;;;
alive;leven;;;;;
allow;toestaan;;;;;
already;al;;;;;
ambulance;ziekenwagen;;;;;
ancient;oud;;;;;
angry;boos;;;;;
ankle;enkel;;;;;
antiseptic;ontsmettingsmiddel;;;;;
apartment;appartement;;;;;
archaeologist;archeoloog;;;;;
archaeology;archeologie;;;;;
architect;architect;;;;;
arrange;regelen;;;;;
artist;kunstenaar;;;;;
ash;as;;;;;
aspirin;aspirine;;;;;
athlete;atleet;;;;;
atmosphere;atmosfeer;;;;;
attack;aanvallen;;;;;
avalanche;lawine;;;;;
baby;baby;;;;;
badly;slecht;;;;;
baggy;flodderig;;;;;
bamboo;bamboe;;;;;
barbecue;barbeque;;;;;
barefoot;blootvoets;;;;;
baseball;honkbal;;;;;
beads;kralen;;;;;
binoculars;verrekijker;;;;;
biro;balpen;;;;;
bloke;gozer;;;;;
body;lichaam;;;;;
bottom;onderaan;;;;;
brain;hersenen;;;;;
breathe;ademen;;;;;
brilliant;fantastisch;;;;;
brilliantly;fantastisch;;;;;
building;gebouw;;;;;
bungalow;bungalow;;;;;
burn;branden;;;;;
button;knoop;;;;;
calculate;berekenen;;;;;
calculation;berekening;;;;;
cameramen;cameraman;;;;;
caravan;caravan;;;;;
career;carrière;;;;;
carry;dragen;;;;;
catch;halen;;;;;
cause;veroorzaken;;;;;
cave;grot;;;;;
century;eeuw;;;;;
ceramic;keramiek;;;;;
ceremony;ceremonie;;;;;
chat;kletsen;;;;;
chat;praatje;;;;;
chemical;chemisch;;;;;
chest;borst;;;;;
child;kind;;;;;
chimney;schoorsteen;;;;;
cholera;cholera;;;;;
cinema;bioscoop;;;;;
civilisation;beschaving;;;;;
clarinet;klarinet;;;;;
classical;klassiek;;;;;
cliff;klif;;;;;
climb;beklimmen;;;;;
clown;clown;;;;;
coal;steenkool;;;;;
coast;kust;;;;;
cold;koud;;;;;
comedy;komedie;;;;;
comic;stripboek;;;;;
common;gebruikelijk;;;;;
communicate;communiceren;;;;;
communication;communicatie;;;;;
competition;wedstrijd;;;;;
concert;concert;;;;;
confident;zelfverzekerd;;;;;
congratulations;gefeliciteerd;;;;;
connect;verbinden;;;;;
connection;verbinding;;;;;
control;besturen;;;;;
conversation;gesprek;;;;;
cook;koken;;;;;
coral;koraal;;;;;
cottage;plattelandshuisje;;;;;
country;land;;;;;
crash;crashen;;;;;
cruel;gemeen;;;;;
cyclist;fietser;;;;;
damage;letsel;;;;;
dangerous;gevaarlijk;;;;;
dead;dood;;;;;
decorated;gedecoreerd;;;;;
decorator;huisschilder;;;;;
deep;diep;;;;;
denim;spijkerstof;;;;;
dentist;tandarts;;;;;
destroy;vernietigen;;;;;
destruction;vernietiging;;;;;
detached;vrijstaand;;;;;
devil;duivel;;;;;
die;overlijden;;;;;
director;regisseur;;;;;
disappear;verdwijnen;;;;;
disaster;ramp;;;;;
disco;discotheek;;;;;
discovery;ontdekking;;;;;
disease;ziekte;;;;;
doctor;dokter;;;;;
download;downloaden;;;;;
drama;toneel;;;;;
dramatic;drastisch;;;;;
dream;droom;;;;;
driver;bestuurder;;;;;
drummer;drummer;;;;;
drums;drumstel;;;;;
dye;verven;;;;;
early;begin;;;;;
earn;verdienen;;;;;
earthquake;aardbeving;;;;;
easily;gemakkelijk;;;;;
educate;onderwijzen;;;;;
education;onderwijs;;;;;
elderly;ouder;;;;;
electronic;elektronisch;;;;;
elevator;lift;;;;;
emigrate;emigreren;;;;;
empire;rijk;;;;;
employee;werknemer;;;;;
entertain;amuseren;;;;;
entertainment;amusement;;;;;
environment;milieu;;;;;
equipment;benodigdheden;;;;;
event;gebeurtenis;;;;;
everyone;iedereen;;;;;
everything;alles;;;;;
everywhere;overal;;;;;
evil;kwaad;;;;;
examine;onderzoeken;;;;;
excellent;voortreffelijk;;;;;
excitement;opwinding;;;;;
exciting;spannend;;;;;
expedition;expeditie;;;;;
expensive;duur;;;;;
explanation;uitleg;;;;;
explore;ontdekken;;;;;
explorer;ontdekkingsreiziger;;;;;
eyesight;gezichtsvermogen;;;;;
fabric;stof;;;;;
face;gezicht;;;;;
fan;supporter;;;;;
far;ver;;;;;
farm;boerderij;;;;;
farmer;boer;;;;;
farmland;landbouwgrond;;;;;
fashionable;modieus;;;;;
fast;snel;;;;;
fence;hek;;;;;
figure;beeldje;;;;;
file;bestand;;;;;
fit;fit;;;;;
flag;vlag;;;;;
flame;vlam;;;;;
flat;flat;;;;;
flood;overstroming;;;;;
floor;vloer;;;;;
fluent;vloeiend;;;;;
fluently;vloeiend;;;;;
flute;dwarsfluit;;;;;
folk;volksmuziek;;;;;
fool;stommeling;;;;;
footballer;voetballer;;;;;
forget;vergeten;;;;;
fragile;breekbaar;;;;;
friendly;vriendelijk;;;;;
frightening;eng;;;;;
frown;fronsen;;;;;
frozen;bevroren;;;;;
fumes;gassen;;;;;
fun;leuk;;;;;
funny;grappig;;;;;
garage;garage;;;;;
garage;garagehouse;;;;;
garbage;vuilnis;;;;;
garden;tuin;;;;;
glad;blij;;;;;
good-humoured;goedgehumeurd;;;;;
grade;cijfer;;;;;
grow;groeien;;;;;
gunshot;geweerschot;;;;;
gymnastics;gymnastiek;;;;;
hairstyle;kapsel;;;;;
happily;gelukkig;;;;;
hard;moeilijk;;;;;
hate;haten;;;;;
headache;hoofdpijn;;;;;
headphones;koptelefoon;;;;;
health;gezondheid;;;;;
heart;hart;;;;;
helpful;nuttig;;;;;
herb;kruid;;;;;
hi-fi;hifi-geluidsinstallatie;;;;;
hit;succes;;;;;
hole;gat;;;;;
holiday;vakantie;;;;;
hope;hopen;;;;;
horrible;afschuwelijk;;;;;
horseshoe;hoefijzer;;;;;
hospital;ziekenhuis;;;;;
housework;huishouden;;;;;
huge;enorm;;;;;
hurricane;orkaan;;;;;
illness;ziekte;;;;;
image;beeld;;;;;
imagine;inbeelden;;;;;
importance;belang;;;;;
important;belangrijk;;;;;
improve;verbeteren;;;;;
improvement;verbetering;;;;;
increase;verhoging;;;;;
increase;verhogen;;;;;
independent;onafhankelijk;;;;;
informal;informeel;;;;;
information;informatie;;;;;
injure;bezeren;;;;;
injuries;verwonding;;;;;
ink;inkt;;;;;
inspiration;inspiratie;;;;;
intelligence;intelligentie;;;;;
intelligent;intelligent;;;;;
interesting;interessant;;;;;
interpersonal;intermenselijk;;;;;
invent;uitvinden;;;;;
invention;uitvinding;;;;;
inventor;uitvinder;;;;;
island;eiland;;;;;
it;it;;;;;
jazz;jazz;;;;;
joke;grap;;;;;
journalist;journalist;;;;;
journey;reis;;;;;
jump;springen;;;;;
jump;sprong;;;;;
jungle;oerwoud;;;;;
just;net;;;;;
keyboard;toetsenbord;;;;;
kid;kind;;;;;
kitten;poesje;;;;;
ladder;ladder;;;;;
landlord;huisbaas;;;;;
laptop;laptop;;;;;
laugh;lachen;;;;;
laughter;gelach;;;;;
leech;bloedzuiger;;;;;
let;laten;;;;;
liana;lianen;;;;;
life;leven;;;;;
lift;lift;;;;;
link;verbinding;;;;;
litter;rommel;;;;;
live;live;;;;;
logical;logisch;;;;;
longboat;sloep;;;;;
low;laag;;;;;
luckily;gelukkig;;;;;
lucky;boffen;;;;;
luxury;luxe;;;;;
lyrics;songtekst;;;;;
magazine;tijdschrift;;;;;
manage;runnen;;;;;
management;management;;;;;
manager;manager;;;;;
marriage;huwelijk;;;;;
mates;maatjes;;;;;
mathematical;wiskundig;;;;;
meal;maaltijd;;;;;
medical;medisch;;;;;
medicine;medicijnen;;;;;
melt;smelten;;;;;
member;lid;;;;;
memorable;gedenkwaardig;;;;;
memorise;onthouden;;;;;
memory;geheugen;;;;;
messy;slordig;;;;;
minimum;minimum;;;;;
mirror;spiegel;;;;;
moon;maan;;;;;
mountain;berg;;;;;
mouse;muis;;;;;
movie;film;;;;;
museum;museum;;;;;
musical;muzikaal;;;;;
musician;muzikant;;;;;
neck;nek;;;;;
nervous;nerveus;;;;;
nervously;nerveus;;;;;
net;internet;;;;;
noisy;luidruchtig;;;;;
note;aantekening;;;;;
nothing;niets;;;;;
nowhere;nergens;;;;;
nurse;verpleegster;;;;;
ocean;oceaan;;;;;
offer;aanbieden;;;;;
oil;olie;;;;;
outdoor;buiten;;;;;
owner;eigenaar;;;;;
pain;pijn;;;;;
painful;pijnlijk;;;;;
paparazzi;riooljournalist;;;;;
patient;patiënt;;;;;
pattern;patroon;;;;;
pavement;stoep;;;;;
penicillin;penicilline;;;;;
pensioner;gepensioneerde;;;;;
performance;uitvoering;;;;;
permission;toestemming;;;;;
photographer;fotograaf;;;;;
photography;fotografie;;;;;
physics;natuurkunde;;;;;
piano;piano;;;;;
planet;planeet;;;;;
poem;gedicht;;;;;
poet;dichter;;;;;
poetry;poëzie;;;;;
pole;paal;;;;;
pole;pool;;;;;
pollute;vervuilen;;;;;
pollution;vervuiling;;;;;
popular;populair;;;;;
population;bevolking;;;;;
practise;oefenen;;;;;
prepare;voorbereiden;;;;;
pretty;mooi;;;;;
print;drukken;;;;;
printer;printer;;;;;
professor;hoogleraar;;;;;
program;programma;;;;;
project;project;;;;;
promise;beloven;;;;;
protect;beschermen;;;;;
provide;bieden;;;;;
provider;provider;;;;;
psychological;psychologisch;;;;;
publish;publiceren;;;;;
punk;punk;;;;;
quickly;snel;;;;;
quiet;stil;;;;;
radioactive;radioactief;;;;;
rainforest;regenwoud;;;;;
rap;rap;;;;;
rave;houseparty;;;;;
receive;ontvangen;;;;;
receptionist;receptionist;;;;;
recorded;opgenomen;;;;;
recycle;recycleren;;;;;
recycling;recyclage;;;;;
refuse;weigeren;;;;;
reggae;reggae;;;;;
relax;ontspannen;;;;;
relaxed;ontspannen;;;;;
remains;overblijfselen;;;;;
remember;herinneren;;;;;
remind;herinneren;;;;;
renewable;herwinbaar;;;;;
rent;huur;;;;;
review;recensie;;;;;
revise;studeren;;;;;
rise;toenemen;;;;;
romance;romantiek;;;;;
romantic;romantisch;;;;;
roof;dak;;;;;
rope;touw;;;;;
royal;koninklijk;;;;;
rubbish;vuilnis;;;;;
ruins;ruïnes;;;;;
safe;veilig;;;;;
sand;zand;;;;;
save;redden;;;;;
saxophone;saxofoon;;;;;
scared;bang;;;;;
scenery;landschap;;;;;
scientist;wetenschapper;;;;;
screen;scherm;;;;;
script;script;;;;;
search;doorzoeken;;;;;
send;versturen;;;;;
settlement;nederzetting;;;;;
settler;kolonist;;;;;
shallow;ondiep;;;;;
ship;schip;;;;;
shipwreck;scheepswrak;;;;;
shoulder;schouder;;;;;
sidewalk;trottoir;;;;;
single;single;;;;;
sink;zinken;;;;;
site;site;;;;;
slim;slank;;;;;
smile;glimlachen;;;;;
snake;slang;;;;;
snowboarding;snowboarden;;;;;
software;software;;;;;
someone;iemand;;;;;
something;iets;;;;;
somewhere;ergens;;;;;
soon;binnenkort;;;;;
sore;pÿnlÿk;;;;;
soundtrack;soundtrack;;;;;
spill;morsen;;;;;
spirit;spook;;;;;
square;plein;;;;;
stage;podium;;;;;
stairs;trap;;;;;
star;ster;;;;;
stereo;stereo;;;;;
stereotype;stereotype;;;;;
stick;ophangen;;;;;
storyline;verhaallijn;;;;;
straight;recht;;;;;
streetcar;tram;;;;;
stressed;gestrest;;;;;
stressful;veeleisend;;;;;
strong;sterk;;;;;
stuff;spul;;;;;
stunt;stunt;;;;;
stuntwoman;stuntvrouw;;;;;
style;stijl;;;;;
submarine;onderzeeër;;;;;
subway;metro;;;;;
success;succes;;;;;
successful;geslaagd;;;;;
suck;zuigen;;;;;
suddenly;plotseling;;;;;
suntanned;gebruind;;;;;
superstition;bijgeloof;;;;;
superstitious;bijgelovig;;;;;
sure.;natuurlijk.;;;;;
surf;surfen;;;;;
surprise;verrassing;;;;;
synthesiser;synthesizer;;;;;
tablet;tablet;;;;;
techno;techno;;;;;
teenager;tiener;;;;;
temperature;temperatuur;;;;;
temple;tempel;;;;;
tent;tent;;;;;
terraced;rijtjeshuis;;;;;
terracotta;terracotta;;;;;
terrifying;angstaanjagend;;;;;
theatre;theater;;;;;
though;hoewel;;;;;
thriller;griezelfilm;;;;;
throat;keel;;;;;
thunderstorm;onweersbui;;;;;
tip;tip;;;;;
toddler;peuter;;;;;
toothache;kiespijn;;;;;
torch;zaklantaarn;;;;;
tornado;tornado;;;;;
touch;aanraken;;;;;
tough;sterk;;;;;
tourist;toerist;;;;;
tower;toren;;;;;
traffic;verkeer;;;;;
trail;pad;;;;;
trainers;sportschoenen;;;;;
tram;tram;;;;;
transplant;transplantatie;;;;;
transport;vervoer;;;;;
treat;behandelen;;;;;
treatment;behandeling;;;;;
trek;tocht;;;;;
tribe;stam;;;;;
tropical;tropisch;;;;;
trouble;moeilijkheden;;;;;
trousers;broek;;;;;
trumpet;trompet;;;;;
try;proberen;;;;;
tsunami;vloedgolf;;;;;
twister;wervelwind;;;;;
typewriter;schrÿfmachine;;;;;
underground;ondergrondse;;;;;
underwater;onderwater;;;;;
useful;nuttig;;;;;
user;gebruiker;;;;;
vacation;vakantie;;;;;
velcro;klittenband;;;;;
verbal;verbaal;;;;;
violin;viool;;;;;
violinist;violist;;;;;
visitor;bezoeker;;;;;
visual;visueel;;;;;
voice;stem;;;;;
volcano;vulkaan;;;;;
vote;stemmen;;;;;
wagon;vrachtkar;;;;;
warn;waarschuwen;;;;;
waste;verspillen;;;;;
waterfall;waterval;;;;;
wave;golf;;;;;
website;website;;;;;
well;goed;;;;;
western;cowboyfilm;;;;;
whale;walvis;;;;;
wheel;wiel;;;;;
whirlwind;wervelwind;;;;;
wicked!;geweldig!;;;;;
wig;pruik;;;;;
win;winnen;;;;;
winds;wind;;;;;
witch;heks;;;;;
yet;al;;;;;
accent;accent;;;;;
achieve;bereiken;;;;;
adapt;aanpassen;;;;;
admire;bewonderen;;;;;
adventurer;avonturier;;;;;
advertise;adverteren;;;;;
advertisement;reclame;;;;;
advice;advies;;;;;
afro;afrokapsel;;;;;
agent;tussenpersoon;;;;;
agreement;overeenkomst;;;;;
alarming;verontrustend;;;;;
alternative;alternatief;;;;;
although;alhoewel;;;;;
ambition;ambitie;;;;;
ambitious;ambitieus;;;;;
ambulance;ziekenwagen;;;;;
amused;vermakelijk;;;;;
anger;woede;;;;;
angle;hoek;;;;;
angry;boos;;;;;
announce;aankondigen;;;;;
apparition;verschijning;;;;;
appeal;verzoek;;;;;
archaeologist;archeoloog;;;;;
army;leger;;;;;
arson;brandstichting;;;;;
artificial;kunstmatig;;;;;
ask;vragen;;;;;
astronaut;astronaut;;;;;
athletic;atletisch;;;;;
atmosphere;atmosfeer;;;;;
attack;aanvallen;;;;;
audience;publiek;;;;;
audition;auditie;;;;;
author;auteur;;;;;
authority;autoriteit;;;;;
autograph;handtekening;;;;;
avoid ;vermijden ;;;;;
awake;wakker;;;;;
background;achtergrond;;;;;
bad-tempered;slechtgezind;;;;;
banking;bankwezen;;;;;
bark;blaffen;;;;;
beard;baard;;;;;
beg;bedelen;;;;;
bless;zegenen;;;;;
blessing;zegen;;;;;
blind;blind;;;;;
boredom;verveling;;;;;
borrow;lenen;;;;;
bossy;bazig;;;;;
brain;hersenen;;;;;
brave;dapper;;;;;
bride;bruid;;;;;
bridge;brug;;;;;
bulldozer;bulldozer;;;;;
burglary;inbraak;;;;;
buried;begraven;;;;;
burn;verbranden;;;;;
bushy;dik;;;;;
calm;kalm;;;;;
campaign;campagne;;;;;
cancel;annuleren;;;;;
career;carrière;;;;;
cave;grot;;;;;
celebrity;beroemdheid;;;;;
ceremony;ceremonie;;;;;
challenging;uitdagend;;;;;
cheer;juichen;;;;;
circular;rond;;;;;
communicate;communiceren;;;;;
community;gemeenschap;;;;;
companion;gezelschap;;;;;
company;bedrijf;;;;;
compare;vergelijken;;;;;
compassion;medeleven;;;;;
compete;strijden;;;;;
complaint;klacht;;;;;
compose;componeren;;;;;
concentrate;concentreren;;;;;
conclude;eindigen;;;;;
confident;zelfverzekerd;;;;;
consciousness;bewustzijn;;;;;
considerate;welgemanierd;;;;;
contemporary;modern;;;;;
contestant;deelnemer;;;;;
continent;continent;;;;;
contract;contract;;;;;
convicted;veroordeeld;;;;;
cosmonaut;kosmonaut;;;;;
council;gemeenteraad;;;;;
courage;moed;;;;;
crash;ongeluk;;;;;
crater;krater;;;;;
create;creëren;;;;;
creation;creatie;;;;;
creepy;griezelig;;;;;
criminal;crimineel;;;;;
criticise;bekritiseren;;;;;
cropped;gemillimeterd;;;;;
cross;boos;;;;;
crowd;menigte;;;;;
cruel;gemeen;;;;;
cruelty;wreedheid;;;;;
cruise;cruise;;;;;
cruise;cruisen;;;;;
culture;cultuur;;;;;
current;huidig;;;;;
curse;vloek;;;;;
customs;douane;;;;;
cute;schattig;;;;;
cv;cv;;;;;
damage;beschadigen;;;;;
darkness;donker;;;;;
deaf;doof;;;;;
decisive;beslissend;;;;;
decorate;versieren;;;;;
decorative;decoratief;;;;;
degrade;vernederen;;;;;
degree;diploma;;;;;
delicatessen;delicatessewinkel;;;;;
deposit;waarborg;;;;;
deposit;storten;;;;;
depressed;depressief;;;;;
deserted;verlaten;;;;;
desire;verlangen;;;;;
despite;ondanks;;;;;
destiny;lot;;;;;
determination;vastberadenheid;;;;;
determined;vastbesloten;;;;;
develop;ontwikkelen;;;;;
developer;ontwikkelaar;;;;;
development;ontwikkeling;;;;;
dialect;dialect;;;;;
difference;verschil;;;;;
disadvantage;nadeel;;;;;
discover;ontdekken;;;;;
discovery;ontdekking;;;;;
discuss;bespreken;;;;;
discussion;bespreking;;;;;
disease;ziekte;;;;;
display;uitstallen;;;;;
disturb;storen;;;;;
doubt;betwijfelen;;;;;
download;downloaden;;;;;
dozen;dozÿn;;;;;
drug;drug;;;;;
dwarf;dwerg;;;;;
earn;verdienen;;;;;
effect;effect;;;;;
electronic;elektronisch;;;;;
elf;elf;;;;;
emigrate;emigreren;;;;;
emotional;emotioneel;;;;;
employee;werknemer;;;;;
employer;werkgever;;;;;
enclose;bijsluiten;;;;;
endangered;bedreigd;;;;;
enjoyment;plezier;;;;;
enormous;enorm;;;;;
entertainment;amusement;;;;;
entire;volledig;;;;;
environment;omgeving;;;;;
epic;heldhaftig;;;;;
episode;aflevering;;;;;
equipment;benodigdheden;;;;;
eternal;eeuwig;;;;;
event;gebeurtenis;;;;;
exchange;uitwisselen;;;;;
exhausted;uitgeput;;;;;
explain;uitleggen;;;;;
extinct;uitgestorven;;;;;
eyebrows;wenkbrauwen;;;;;
eyelashes;wimpers;;;;;
faithful;trouw;;;;;
fame;bekendheid;;;;;
fantastic;fantastisch;;;;;
fascinating;fascinerend;;;;;
favour;plezier;;;;;
fictional;verzonnen;;;;;
fingerprint;vingerafdruk;;;;;
flight;vlucht;;;;;
flow;stroom;;;;;
forbid;verbieden;;;;;
foreign;buitenlands;;;;;
freckles;sproeten;;;;;
freedom;vrijheid;;;;;
freezing;ijskoud;;;;;
fringe;ponyhaar;;;;;
frustrated;gefrustreerd;;;;;
full-time;voltijd;;;;;
fund;fonds;;;;;
furious;woedend;;;;;
furiously;woedend;;;;;
gang;bende;;;;;
gene;gen;;;;;
genetic;genetisch;;;;;
gentleness;zachtaardigheid;;;;;
gesture;gebaar;;;;;
gesture;gebaren;;;;;
ghost;geest;;;;;
gig;optreden;;;;;
graffiti;graffiti;;;;;
groom;bruidegom;;;;;
guilty;schuldig;;;;;
halfway;halverwege;;;;;
harm;kwaad;;;;;
health;gezondheid;;;;;
highlights;highlights;;;;;
holy;heilig;;;;;
homepage;homepage;;;;;
honest;eerlijk;;;;;
horrified;geschokt;;;;;
hot-headed;opvliegend;;;;;
however;echter;;;;;
hug;omhelzen;;;;;
human;menselijk;;;;;
humiliation;vernedering;;;;;
humour;humor;;;;;
hypnotic;hypnotiserend;;;;;
hypnotise;hypnotiseren;;;;;
hypnotist;hypnotiseur;;;;;
identify;identificeren;;;;;
idiot;idioot;;;;;
if;als;;;;;
ignore;negeren;;;;;
illegal;illegaal;;;;;
illogical;onlogisch;;;;;
imagination;verbeelding;;;;;
imaginative;vindingrijk;;;;;
immediate;onmiddellijk;;;;;
immigrant;immigrant;;;;;
immigrate;immigreren;;;;;
immigration;immigratie;;;;;
immortality;onsterfelijkheid;;;;;
impatient;ongeduldig;;;;;
imply;suggereren;;;;;
impolite;onbeleefd;;;;;
impossible;onmogelijk;;;;;
increase;verhogen;;;;;
incredible;ongelofelijk;;;;;
independent;onafhankelijk;;;;;
industry;industrie;;;;;
inexpensive;goedkoop;;;;;
informal;informeel;;;;;
inhabitant;inwoner;;;;;
injure;bezeren;;;;;
inner-city;binnenstad;;;;;
inscription;inscriptie;;;;;
insensitive;ongevoelig;;;;;
inspector;inspecteur;;;;;
install;installeren;;;;;
intelligence;intelligentie;;;;;
intention;intentie;;;;;
interview;sollicitatiegesprek;;;;;
interview;ondervragen;;;;;
introduce;introduceren;;;;;
invention;uitvinding;;;;;
invest;investeren;;;;;
investigate;onderzoeken;;;;;
invite;uitnodigen;;;;;
irregular;onregelmatig;;;;;
irresponsible;onverantwoordelijk;;;;;
item;onderdeel;;;;;
jogger;jogger;;;;;
journey;reis;;;;;
joyriding;joyrijden;;;;;
kindergarten;kleuterschool;;;;;
kindness;vriendelijkheid;;;;;
knowledge;kennis;;;;;
landscape;landschap;;;;;
legal;legaal;;;;;
legend;legende;;;;;
lend;uitlenen;;;;;
lifestyle;levensstijl;;;;;
limit;beperking;;;;;
luxurious;luxueus;;;;;
madness;krankzinnig;;;;;
mast;mast;;;;;
masterpiece;meesterwerk;;;;;
meaningless;nietszeggend;;;;;
memory;geheugen;;;;;
microphone;microfoon;;;;;
mile;mijl;;;;;
minor;klein;;;;;
mixture;mengsel;;;;;
mole;moedervlek;;;;;
monsoon;moesson;;;;;
mosque;moskee;;;;;
motorway;autosnelweg;;;;;
moustache;snor;;;;;
mugger;overvaller;;;;;
mummy;mummie;;;;;
murder;moord;;;;;
mythical;mythisch;;;;;
nation;natie;;;;;
native;geboorte-;;;;;
nomadic;nomadisch;;;;;
offer ;aanbod ;;;;;
official;officieel;;;;;
opportunity;kans;;;;;
option;optie;;;;;
order;bevelen;;;;;
ornament;ornament;;;;;
paranoid;paranoïde;;;;;
part-time;deeltijd;;;;;
passageway;gang;;;;;
passport;paspoort;;;;;
pat;aaien;;;;;
peaceful;vreedzaam;;;;;
percentage;percentage;;;;;
performance;opvoering;;;;;
personality;persoonlijkheid;;;;;
persuade;overhalen;;;;;
pick-pocketing;zakkenrollen;;;;;
pity;medelijden;;;;;
plan;plannen;;;;;
planet;planeet;;;;;
platform;perron;;;;;
plump;mollig;;;;;
poem;gedicht;;;;;
poet;dichter;;;;;
politics;politiek;;;;;
ponytail;paardenstaart;;;;;
popularity;populariteit;;;;;
population;bevolking;;;;;
portrait;portret;;;;;
possibility;mogelijkheid;;;;;
powder;poeder;;;;;
pray;bidden;;;;;
preference;voorkeur;;;;;
preparation;voorbereiding;;;;;
presenter;presentator;;;;;
priest;priester;;;;;
prison;gevangenis;;;;;
privacy;privacy;;;;;
producer;producent;;;;;
profession;beroep;;;;;
programmer;programmeur;;;;;
promise;beloven;;;;;
prove;bewijzen;;;;;
provide;bieden;;;;;
psychological;psychologisch;;;;;
psychologist;psycholoog;;;;;
punishment;straf;;;;;
purity;zuiverheid;;;;;
pyramid;piramide;;;;;
qualification;kwalificatie;;;;;
quality;kwaliteit;;;;;
qur’an;koran;;;;;
raise;verhogen;;;;;
reach;bereiken;;;;;
reaction;reactie;;;;;
reasonable;redelijk;;;;;
recognise;herkennen;;;;;
record;aantekening;;;;;
recover;herstellen;;;;;
reflect;reflecteren;;;;;
refuse;weigeren;;;;;
relationship;relatie;;;;;
relaxation;ontspanning;;;;;
release;loslaten;;;;;
remote;verafgelegen;;;;;
repair;repareren;;;;;
report;rapport;;;;;
report;verslaggeven;;;;;
representation;representatie;;;;;
rescue;redden;;;;;
research;onderzoek;;;;;
research;onderzoeken;;;;;
resort;oord;;;;;
responsibility;verantwoordelijkheid;;;;;
reveal;bekendmaken;;;;;
rewarding;lonend;;;;;
rhythmical;ritmisch;;;;;
risk;risico;;;;;
rubbish;vuilnis;;;;;
ruined;verwoest;;;;;
runway;start-;;;;;
sacred;heilig;;;;;
sailor;zeeman;;;;;
salary;salaris;;;;;
sand;zand;;;;;
say;zeggen;;;;;
scar;litteken;;;;;
scheme;regeling;;;;;
scream;schreeuwen;;;;;
secondhand;tweedehands;;;;;
self-sufficient;zelfvoorzienend;;;;;
sensible;verstandig;;;;;
sensitive;gevoelig;;;;;
series;reeks;;;;;
settlement;nederzetting;;;;;
shadow;schaduw;;;;;
shave;scheren;;;;;
shock;schokken;;;;;
shoplifting;winkeldiefstal;;;;;
shyness;verlegenheid;;;;;
siesta;middagdutje;;;;;
sign;ondertekenen;;;;;
similar;gelijk;;;;;
skills;vaardigheid;;;;;
slim;slank;;;;;
smooth;glad;;;;;
society;maatschappij;;;;;
software;software;;;;;
solo;solo;;;;;
solution;oplossing;;;;;
soul;ziel;;;;;
source;bron;;;;;
spaceship;ruimteschip;;;;;
spectator;toeschouwer;;;;;
spiky;stekelig;;;;;
sponsorship;sponsoring;;;;;
spots;puistjes;;;;;
spray;spuiten;;;;;
spray;spray;;;;;
statistic;statistiek;;;;;
statue;standbeeld;;;;;
stressful;veeleisend;;;;;
stylish;stijlvol;;;;;
suburban;voorstedelijk;;;;;
subway;voetgangerstunnel;;;;;
success;succes;;;;;
suggest;voorstellen;;;;;
suicide;zelfmoord;;;;;
suitcase;koffer;;;;;
sunrise;zonsopgang;;;;;
supper;avondeten;;;;;
supporter;voorstander;;;;;
surface;oppervlak;;;;;
suspense;spanning;;;;;
sweetness;zoetheid;;;;;
symbolise;symboliseren;;;;;
tag;taggen;;;;;
talent;talent;;;;;
tattoo;tatoeage;;;;;
technique;techniek;;;;;
teen;tiener;;;;;
telescope;telescoop;;;;;
tell;vertellen;;;;;
terminal;terminal;;;;;
territory;territorium;;;;;
terrorise;terroriseren;;;;;
threat;bedreiging;;;;;
threaten;bedreigen;;;;;
timetable;dienstregeling;;;;;
tiny;piepklein;;;;;
token;munt;;;;;
tour;rondreis;;;;;
townspeople;stadsbewoners;;;;;
traditional;traditioneel;;;;;
trainee;stagiair(e);;;;;
transatlantic;trans-atlantisch;;;;;
travel;reizen;;;;;
trend;trend;;;;;
tribe;stam;;;;;
trimaran;trimaran;;;;;
trip;reisje;;;;;
tropical;tropisch;;;;;
tuition;onderwijs;;;;;
uncomfortable;oncomfortabel;;;;;
undo;opendoen;;;;;
unemployed;werkloos;;;;;
unfortunate;ongelukkig;;;;;
unhelpful;onbehulpzaam;;;;;
uniform;uniform;;;;;
unless;tenzij;;;;;
unpleasant;onplezierig;;;;;
unrealistic;onrealistisch;;;;;
unspoiled;ongerept;;;;;
unsure;onzeker;;;;;
until;tot;;;;;
upset;verdrietig;;;;;
valley;vallei;;;;;
vandalise;vernielen;;;;;
vandalism;vandalisme;;;;;
viewer;kijker;;;;;
visible;zichtbaar;;;;;
vitamin;vitamine;;;;;
volcanic;vulkanisch;;;;;
vote;stemmen;;;;;
wardrobe;keerenkast;;;;;
wavy;golvend;;;;;
wealthy;rijk;;;;;
well-built;goedgebouwd;;;;;
when;wanneer;;;;;
whisper;fluisteren;;;;;
witness;getuige;;;;;
wooden;houten;;;;;
wrinkles;rimpel;;;;;
yacht;jacht;;;;;
about;over;;;;;
accident;ongeluk;;;;;
activity;activiteit;;;;;
actor;acteur;;;;;
address;adres;;;;;
adult;volwassene;;;;;
afternoon;namiddag;;;;;
against;tegen;;;;;
age;leeftijd;;;;;
air;lucht;;;;;
alligator;alligator;;;;;
alone;alleen;;;;;
always;altijd;;;;;
american;amerikaans;;;;;
angrily;kwaad;;;;;
angry;boos;;;;;
announcement;aankondiging;;;;;
answer;antwoord;;;;;
apartheid;apartheid;;;;;
apple;appel;;;;;
april;april;;;;;
arm;arm;;;;;
armchair;leunstoel;;;;;
around;rond;;;;;
arrive;aankomen;;;;;
ask;vragen;;;;;
at;op;;;;;
attraction;bezienswaardigheid;;;;;
august;augustus;;;;;
aunt;tante;;;;;
australian;australisch;;;;;
autograph;handtekening;;;;;
autumn;herfst;;;;;
awful;vreselijk;;;;;
babysit;babysitten;;;;;
bad;slecht;;;;;
bag;tas;;;;;
ball;bal;;;;;
balloon;ballon;;;;;
banana;banaan;;;;;
band;muziekgroep;;;;;
bank;bank;;;;;
basketball;basketbal;;;;;
bath;bad;;;;;
bathroom;badkamer;;;;;
be;zijn;;;;;
be;zijn;;;;;
be;zijn;;;;;
be;zijn;;;;;
beach;strand;;;;;
beat;verslaan;;;;;
beat;slaan;;;;;
beautiful;mooi;;;;;
become;worden;;;;;
bed;bed;;;;;
bedroom;slaapkamer;;;;;
beef;rund;;;;;
begin;beginnen;;;;;
behind;achter;;;;;
beige;beige;;;;;
belgian;belgisch;;;;;
belgium;belgië;;;;;
better;beter;;;;;
between;tussen;;;;;
bicycle;fiets;;;;;
big;groot;;;;;
bigger;groter;;;;;
bike;fiets;;;;;
biology;biologie;;;;;
birthday;verjaardag;;;;;
black;zwart;;;;;
blonde;blond;;;;;
blood;bloed;;;;;
blue;blauw;;;;;
board;plank;;;;;
boat;boot;;;;;
book;boek;;;;;
bookshop;boekenwinkel;;;;;
bored;vervelen;;;;;
boring;saai;;;;;
boyfriend;vriend;;;;;
brazil;brazilië;;;;;
brazilian;braziliaans;;;;;
bread;brood;;;;;
break;breken;;;;;
breakfast;ontbijt;;;;;
bring;meebrengen;;;;;
britain;groot-brittannië;;;;;
british;brits;;;;;
brother;broer;;;;;
brown;bruin;;;;;
budgie;kanarie;;;;;
building;gebouw;;;;;
burger;hamburger;;;;;
bus;bus;;;;;
busier;drukker;;;;;
busy;bezig;;;;;
buy;kopen;;;;;
café;eetcafé;;;;;
call;bellen;;;;;
camel;kameel;;;;;
camp;camping;;;;;
can;kunnen;;;;;
canada;canada;;;;;
canoe;kanoën;;;;;
capital;hoofdstad;;;;;
captain;kapitein;;;;;
car;auto;;;;;
card;kaart;;;;;
careful;voorzichtig;;;;;
carefully;voorzichtig;;;;;
carnival;carnaval;;;;;
carrot;wortel;;;;;
cartoon;tekenfilm;;;;;
casino;casino;;;;;
cassette;cassetteband;;;;;
castle;kasteel;;;;;
cat;kat;;;;;
catch;vangen;;;;;
cathedral;kathedraal;;;;;
cd;cd;;;;;
chair;stoel;;;;;
change;veranderen;;;;;
cheap;goedkoop;;;;;
check;controleren;;;;;
cheese;kaas;;;;;
chef;chef-kok;;;;;
chemist;apotheker;;;;;
chicken;kip;;;;;
children;kinderen;;;;;
chimpanzee;chimpansee;;;;;
china;china;;;;;
chinese;chinees;;;;;
chips;frieten;;;;;
chocolate;chocolade;;;;;
christmas;kerstmis;;;;;
cinema;bioscoop;;;;;
city;stad;;;;;
classical;klassiek;;;;;
clean;schoonmaken;;;;;
clean;schoon;;;;;
climb;beklimmen;;;;;
close;sluiten;;;;;
closer;dichterbij;;;;;
clothes;kleren;;;;;
cloudy;bewolkt;;;;;
club;club;;;;;
coat;jas;;;;;
coffee;koffie;;;;;
cola;cola;;;;;
cold;koud;;;;;
collar;kraag;;;;;
collection;verzameling;;;;;
colourful;kleurrijk;;;;;
come;komen;;;;;
comedy;komedie;;;;;
comfortable;comfortabel;;;;;
compare;vergelijken;;;;;
competition;wedstrijd;;;;;
completely;compleet;;;;;
computer;computer;;;;;
concert;concert;;;;;
conditions;omstandigheden;;;;;
contact;bereiken;;;;;
cook;koken;;;;;
cooker;fornuis;;;;;
corner;hoek;;;;;
correct;juist;;;;;
costume;kostuum;;;;;
count;tellen;;;;;
countryside;platteland;;;;;
cousin;neef;;;;;
crew;bemanning;;;;;
cricket;cricket;;;;;
cry;huilen;;;;;
cup;kop;;;;;
curly;gekruld;;;;;
cycle;fietsen;;;;;
cycling;fietsen;;;;;
dad;papa;;;;;
dance;dansen;;;;;
dance;dans;;;;;
dancing;dansen;;;;;
danger;gevaar;;;;;
dangerous;gevaarlijk;;;;;
dark;donker;;;;;
daughter;dochter;;;;;
day;dag;;;;;
dead;dood;;;;;
december;december;;;;;
delicious;verrukkelijk;;;;;
desk;bureau;;;;;
dessert;toetje;;;;;
destroy;vernietigen;;;;;
die;overlijden;;;;;
different;anders;;;;;
difficult;moeilijk;;;;;
dinner;avondeten;;;;;
dinosaur;dinosaurus;;;;;
directions;wegaanwijzingen;;;;;
dirty;vies;;;;;
disappear;verdwijnen;;;;;
disappearance;verdwijning;;;;;
disgusting;walgelijk;;;;;
dishwasher;vaatwasmachine;;;;;
dj;dj;;;;;
dna;dna;;;;;
do;doen;;;;;
doctor;dokter;;;;;
documentary;documentaire;;;;;
dog;hond;;;;;
door;deur;;;;;
draw;tekenen;;;;;
dream;droom;;;;;
dress;jurk;;;;;
drink;drinken;;;;;
drink;drank;;;;;
drive;rijden;;;;;
during;gedurende;;;;;
ear;oor;;;;;
early;vroeg;;;;;
earn;verdienen;;;;;
easier;gemakkelijker;;;;;
easy;gemakkelijk;;;;;
eat;eten;;;;;
egg;ei;;;;;
electricity;elektriciteit;;;;;
email;e-mail;;;;;
empty;leeg;;;;;
end;eindigen;;;;;
england;engeland;;;;;
english;engels;;;;;
enjoy;genieten;;;;;
escape;ontsnappen;;;;;
europe;europa;;;;;
evening;avond;;;;;
everyone;iedereen;;;;;
exam;examen;;;;;
excellent;voortreffelijk;;;;;
excited;opgewonden;;;;;
exciting;spannend;;;;;
exercise;oefening;;;;;
exotic;exotisch;;;;;
expensive;duur;;;;;
eye;oog;;;;;
face;gezicht;;;;;
fact;feit;;;;;
fair;licht;;;;;
fall;vallen;;;;;
famous;bekend;;;;;
fancy;chic;;;;;
fantastic;fantastisch;;;;;
farm;boerderij;;;;;
fashionable;modieus;;;;;
fast;snel;;;;;
father;vader;;;;;
favourite;favoriet;;;;;
february;februari;;;;;
feel;voelen;;;;;
festival;festival;;;;;
fight;vechten;;;;;
film;film;;;;;
final;laatste;;;;;
find;vinden;;;;;
fine;goed;;;;;
finger;vinger;;;;;
finish;afmaken;;;;;
fish;vis;;;;;
flag;vlag;;;;;
flat;appartement;;;;;
flight;vlucht;;;;;
float;praalwagen;;;;;
food;voedsel;;;;;
foot;voet;;;;;
football;voetbal;;;;;
footballer;voetballer;;;;;
forest;bos;;;;;
forget;vergeten;;;;;
free;vrij;;;;;
free;vrij;;;;;
freer;vrijer;;;;;
french;frans;;;;;
fresh;vers;;;;;
friday;vrijdag;;;;;
fridge;koelkast;;;;;
friend;vriend;;;;;
from;vanaf;;;;;
front;voorkant;;;;;
fruit;fruit;;;;;
fun;leuk;;;;;
funny;grappig;;;;;
gamble;gokken;;;;;
garden;tuin;;;;;
germany;duitsland;;;;;
get;krijgen;;;;;
ghost;geest;;;;;
girl;meisje;;;;;
girlfriend;vriendin;;;;;
give;geven;;;;;
glass;glas;;;;;
glasses;bril;;;;;
go;gaan;;;;;
golf;golf;;;;;
golfer;golfer;;;;;
good;goed;;;;;
good-looking;aantrekkelijk;;;;;
government;regering;;;;;
grandfather;grootvader;;;;;
grandmother;grootmoeder;;;;;
grandparent;grootouder;;;;;
grape;druif;;;;;
grass;gras;;;;;
grasshopper;sprinkhaan;;;;;
great;geweldig;;;;;
green;groen;;;;;
grey;grijs;;;;;
grocery;supermarkt;;;;;
group;groep;;;;;
guide;gids;;;;;
guinea-pig;cavia;;;;;
guitar;gitaar;;;;;
gun;geweer;;;;;
gymnastics;gymnastiek;;;;;
hair;haar;;;;;
hairstyle;kapsel;;;;;
hall;hal;;;;;
hamburger;hamburger;;;;;
hamster;hamster;;;;;
hand;hand;;;;;
happen;gebeuren;;;;;
happier;gelukkiger;;;;;
happy;gelukkig;;;;;
hard;hard;;;;;
hard;moeilijk;;;;;
hard;lastig;;;;;
hat;hoed;;;;;
hate;haten;;;;;
have;hebben;;;;;
hear;horen;;;;;
heart;hart;;;;;
hero;held;;;;;
heroine;heldin;;;;;
history;geschiedenis;;;;;
hobby;hobby;;;;;
hockey;hockey;;;;;
hole;gat;;;;;
holiday;vakantie;;;;;
home;huis;;;;;
homework;huiswerk;;;;;
honey;honing;;;;;
hop;hinken;;;;;
hope;hopen;;;;;
horse;paard;;;;;
hospital;ziekenhuis;;;;;
hot;heet;;;;;
hotel;hotel;;;;;
hotter;heter;;;;;
hour;uur;;;;;
house;huis;;;;;
hungry;hongerig;;;;;
iceberg;ijsberg;;;;;
idea;idee;;;;;
ill;ziek;;;;;
important;belangrijk;;;;;
in;in;;;;;
include;inclusief;;;;;
inside;in;;;;;
intelligent;intelligent;;;;;
interesting;interessant;;;;;
interview;sollicitatiegesprek;;;;;
into;binnen;;;;;
into;in;;;;;
irish;iers;;;;;
island;eiland;;;;;
italian;italiaans;;;;;
italy;italië;;;;;
jacket;jas;;;;;
jam;konfituur;;;;;
january;januari;;;;;
japan;japan;;;;;
jazz;jazz;;;;;
job;baan;;;;;
juggle;jongleren;;;;;
juice;sap;;;;;
july;juli;;;;;
june;juni;;;;;
kangaroo;kangoeroe;;;;;
kill;doden;;;;;
kilo;kilo;;;;;
kilometre;kilometer;;;;;
kitchen;keuken;;;;;
knock;kloppen;;;;;
know;weten;;;;;
lady;dame;;;;;
lamb;lamsvlees;;;;;
lamp;lamp;;;;;
land;landen;;;;;
language;taal;;;;;
laptop;laptop;;;;;
large;groot;;;;;
lasagne;lasagne;;;;;
late;laat;;;;;
later;later;;;;;
latin;latijn;;;;;
laugh;lachen;;;;;
lead;lijn;;;;;
leader;leider;;;;;
learn;leren;;;;;
leave;weggaan;;;;;
leg;been;;;;;
lemonade;citroenlimonade;;;;;
less;minder;;;;;
lesson;les;;;;;
letter;brief;;;;;
letterbox;brievenbus;;;;;
lettuce;sla;;;;;
library;bibliotheek;;;;;
lie;liggen;;;;;
life;leven;;;;;
listen;luisteren;;;;;
little;klein;;;;;
live;leven;;;;;
live;wonen;;;;;
lizard;hagedis;;;;;
local;plaatselijk;;;;;
long;lang;;;;;
longer;langer;;;;;
lose;verliezen;;;;;
lovely;leuk;;;;;
luck;toeval;;;;;
lucky;boffen;;;;;
lunch;middagmaal;;;;;
lunchtime;lunchtijd;;;;;
luxury;luxe;;;;;
magazine;tijdschrift;;;;;
magic;magie;;;;;
mail;posten;;;;;
make;maken;;;;;
man;man;;;;;
march;maart;;;;;
marriage;huwelijk;;;;;
marry;trouwen;;;;;
match;wedstrijd;;;;;
maths;wiskunde;;;;;
may;mei;;;;;
mayonnaise;mayonaise;;;;;
meal;maaltijd;;;;;
mean;betekenen;;;;;
meat;vlees;;;;;
medicine;medicijnen;;;;;
medium-length;middellang;;;;;
member;lid;;;;;
men;mannen;;;;;
menu;menu;;;;;
message;bericht;;;;;
milk;melk;;;;;
milkshake;milkshake;;;;;
minute;minuut;;;;;
miss;missen;;;;;
model;model;;;;;
modern;modern;;;;;
mom;mama;;;;;
monday;maandag;;;;;
money;geld;;;;;
monster;monster;;;;;
month;maand;;;;;
moon;maan;;;;;
mother;moeder;;;;;
mousse;schuim;;;;;
mouth;mond;;;;;
mum;mama;;;;;
museum;museum;;;;;
mushroom;champignon;;;;;
music;muziek;;;;;
mustard;mosterd;;;;;
mysterious;mysterieus;;;;;
mystery;mysterie;;;;;
name;naam;;;;;
national;nationaal;;;;;
natural;natuurlijk;;;;;
near;dichtbij;;;;;
netball;netbal;;;;;
never;nooit;;;;;
new;nieuw;;;;;
newsagent;tijdschriftenwinkel;;;;;
newspaper;krant;;;;;
nice;leuk;;;;;
night;nacht;;;;;
noise;geluid;;;;;
noisier;luidruchtiger;;;;;
noisy;luidruchtig;;;;;
non-stop;rechtstreeks;;;;;
normally;gewoonlijk;;;;;
normally;normaal;;;;;
north;noorden;;;;;
norway;noorwegen;;;;;
nose;neus;;;;;
notebook;notitieboekje;;;;;
november;november;;;;;
nurse;verpleegster;;;;;
october;oktober;;;;;
of;van;;;;;
often;vaak;;;;;
old;oud;;;;;
older;ouder;;;;;
old-fashioned;ouderwets;;;;;
on;op;;;;;
onion;ui;;;;;
onto;op;;;;;
open;openen;;;;;
opinion;mening;;;;;
opposite;tegenovergesteld;;;;;
orange;oranje;;;;;
orange;sinaasappel;;;;;
organisation;organisatie;;;;;
organise;organiseren;;;;;
organised;georganiseerd;;;;;
out;eruit;;;;;
outside;buiten;;;;;
own;eigen;;;;;
owner;eigenaar;;;;;
oxygen;zuurstof;;;;;
page;pagina;;;;;
parade;parade;;;;;
paradise;paradijs;;;;;
parcel;pakket;;;;;
parent;ouder;;;;;
park;park;;;;;
park;parkeren;;;;;
party;feest;;;;;
party;feestvieren;;;;;
pâté;paté;;;;;
pay;betalen;;;;;
pen;pen;;;;;
pencil;potlood;;;;;
people;mensen;;;;;
perhaps;misschien;;;;;
person;persoon;;;;;
phone;telefoon;;;;;
photograph;foto;;;;;
piano;piano;;;;;
pie;taart;;;;;
pink;roze;;;;;
pizza;pizza;;;;;
plane;vliegtuig;;;;;
play;spelen;;;;;
player;speler;;;;;
pocket;zak;;;;;
poland;polen;;;;;
police;politie;;;;;
polish;pools;;;;;
popular;populair;;;;;
population;bevolking;;;;;
portugal;portugal;;;;;
potato;aardappel;;;;;
practical;praktisch;;;;;
practice;oefenen;;;;;
present;geschenk;;;;;
president;president;;;;;
pretty;mooi;;;;;
prison;gevangenis;;;;;
probably;waarschijnlijk;;;;;
project;project;;;;;
public;openbaar;;;;;
pull;trekken;;;;;
pumpkin;pompoen;;;;;
purple;paars;;;;;
push;duwen;;;;;
put;zetten;;;;;
quickly;snel;;;;;
quiet;stil;;;;;
quieter;stiller;;;;;
quietly;stil;;;;;
quite;nogal;;;;;
rabbit;konijn;;;;;
race;wedstrÿd;;;;;
radio;radio;;;;;
rain;regenen;;;;;
rap;rap;;;;;
rattlesnake;ratelslang;;;;;
read;lezen;;;;;
ready;klaar;;;;;
real;echt;;;;;
really;echt;;;;;
red;rood;;;;;
remember;herinneren;;;;;
repeat;herhalen;;;;;
restaurant;restaurant;;;;;
return;teruggaan;;;;;
rice;rijst;;;;;
rich;rijk;;;;;
riding;paardrijden;;;;;
right;goed;;;;;
road;weg;;;;;
rollerblading;skeeleren;;;;;
roof;dak;;;;;
room;kamer;;;;;
rugby;rugby;;;;;
run;rennen;;;;;
running;hardlopen;;;;;
russia;rusland;;;;;
sad;triestig;;;;;
safe;veilig;;;;;
safer;veiliger;;;;;
salad;salade;;;;;
salt;zout;;;;;
same;identiek;;;;;
sandwich;boterham;;;;;
saturday;zaterdag;;;;;
save;redden;;;;;
say;zeggen;;;;;
scared;bang;;;;;
scarf;sjaal;;;;;
school;school;;;;;
science;natuurwetenschap;;;;;
sea;zee;;;;;
seaside;kust;;;;;
seat;zitplaats;;;;;
second;seconde;;;;;
see;zien;;;;;
seem;lijken;;;;;
selection;selectie;;;;;
sell;verkopen;;;;;
send;versturen;;;;;
separate;opdelen;;;;;
september;september;;;;;
shampoo;shampoo;;;;;
ship;schip;;;;;
shoe;schoen;;;;;
shoot;schieten;;;;;
shop;winkel;;;;;
short;kort;;;;;
shout;schreeuwen;;;;;
show;aantonen;;;;;
shower;douche;;;;;
sight;gezichtsvermogen;;;;;
sign;tekenen;;;;;
signal;signaal;;;;;
silent;stil;;;;;
similar;vergelijkbaar;;;;;
simple;eenvoudig;;;;;
sing;zingen;;;;;
singer;zanger;;;;;
sister;zus;;;;;
sit;zitten;;;;;
ski;skiën;;;;;
skirt;rok;;;;;
sleep;slapen;;;;;
slow;traag;;;;;
slowly;langzaam;;;;;
small;klein;;;;;
smart;verzorgd;;;;;
smile;glimlach;;;;;
snail;slak;;;;;
snake;slang;;;;;
snowboard;snowboarden;;;;;
soccer;voetbal;;;;;
sofa;zitbank;;;;;
soldier;soldaat;;;;;
sometimes;soms;;;;;
son;zoon;;;;;
song;liedje;;;;;
sound;klinken;;;;;
soup;soep;;;;;
south;zuiden;;;;;
spain;spanje;;;;;
spanish;spaans;;;;;
speak;praten;;;;;
speaker;luidspreker;;;;;
special;speciaal;;;;;
spend;uitgeven;;;;;
spider;spin;;;;;
sport;sport;;;;;
spring;lente;;;;;
stamp;postzegel;;;;;
star;ster;;;;;
start;beginnen;;;;;
starter;voorgerecht;;;;;
stay;blijven;;;;;
steak;biefstuk;;;;;
steal;stelen;;;;;
stereo;stereo;;;;;
stone;steen;;;;;
stop;stoppen;;;;;
storm;storm;;;;;
story;verhaal;;;;;
straight;recht;;;;;
strange;vreemd;;;;;
strawberry;aardbei;;;;;
student;student;;;;;
study;studeren;;;;;
stupid;stom;;;;;
subtropical;subtropisch;;;;;
sudden;plotseling;;;;;
suddenly;opeens;;;;;
sugar;suiker;;;;;
summer;zomer;;;;;
sun;zon;;;;;
sunday;zondag;;;;;
sunny;zonnig;;;;;
supermarket;supermarkt;;;;;
surname;achternaam;;;;;
survey;enquête;;;;;
sweater;trui;;;;;
swedish;zweeds;;;;;
sweet;snoepje;;;;;
swim;zwemmen;;;;;
swimming;zwemmen;;;;;
switzerland;zwitserland;;;;;
table;tafel;;;;;
take;meenemen;;;;;
talk;praten;;;;;
tall;lang;;;;;
taxi;taxi;;;;;
tea;thee;;;;;
teacher;leraar;;;;;
team;ploeg;;;;;
teenager;tiener;;;;;
tell;vertellen;;;;;
temperature;temperatuur;;;;;
tennis;tennis;;;;;
terrible;verschrikkelijk;;;;;
test;toets;;;;;
text;tekst;;;;;
think;denken;;;;;
think;denken;;;;;
through;door;;;;;
thumb;duim;;;;;
thursday;donderdag;;;;;
toilet;toilet;;;;;
tomato;tomaat;;;;;
tomorrow;morgen;;;;;
tonight;vanavond;;;;;
tour;rondreis;;;;;
tourist;toerist;;;;;
town;stad;;;;;
traditional;traditioneel;;;;;
trainers;sportschoenen;;;;;
transport;vervoer;;;;;
travel;reizen;;;;;
treat;traktatie;;;;;
triathlon;triatlon;;;;;
trick;list;;;;;
trip;uitstapje;;;;;
trousers;broek;;;;;
try;proberen;;;;;
tuesday;dinsdag;;;;;
turkey;turkije;;;;;
turkey;kalkoen;;;;;
turkish;turks;;;;;
turn;draaien;;;;;
tv;televisie;;;;;
typical;typisch;;;;;
ufo;ufo;;;;;
uncle;oom;;;;;
under;onder;;;;;
unhappy;ongelukkig;;;;;
university;universiteit;;;;;
use;gebruiken;;;;;
usually;meestal;;;;;
vegetable;groente;;;;;
verb;werkwoord;;;;;
video;video;;;;;
villa;villa;;;;;
village;dorp;;;;;
vinegar;azijn;;;;;
violin;viool;;;;;
visit;bezoeken;;;;;
volleyball;volleybal;;;;;
vote;stemmen;;;;;
wait;wachten;;;;;
waiter;ober;;;;;
walk;stappen;;;;;
wallet;portefeuille;;;;;
want;willen;;;;;
war;oorlog;;;;;
warm;warm;;;;;
watch;kijken;;;;;
water;water;;;;;
wavy;golvend;;;;;
wear;dragen;;;;;
weather;weer;;;;;
wednesday;woensdag;;;;;
weekend;weekeinde;;;;;
well;goed;;;;;
well;goed;;;;;
wet;nat;;;;;
what;wat;;;;;
wheelchair;rolstoel;;;;;
where;waar;;;;;
white;wit;;;;;
who;wie;;;;;
why;waarom;;;;;
wife;echtgenote;;;;;
win;winnen;;;;;
window;raam;;;;;
winner;winnaar;;;;;
winter;winter;;;;;
wish;wensen;;;;;
witch;heks;;;;;
with;met;;;;;
wizard;tovenaar;;;;;
woman;vrouw;;;;;
women;vrouwen;;;;;
wonderful;geweldig;;;;;
work;werk;;;;;
work;werken;;;;;
world;wereld;;;;;
worm;worm;;;;;
worried;bezorgd;;;;;
worse;erger;;;;;
write;schrijven;;;;;
writer;schrijver;;;;;
wrong;verkeerd;;;;;
year;jaar;;;;;
yellow;geel;;;;;
yesterday;gisteren;;;;;
young;jong;;;;;
younger;jonger;;;;;